Name,HardClauses,Variables,SoftUnits,UnsatBound
CircuitDebuggingProblems-wb-debug.dimacs,612635,853878,621323,621296
CircuitTraceCompaction-ctrl,38680,15720,20,6
CircuitTraceCompaction-mrisc_mem2wire,950961,302060,20,16
CircuitTraceCompaction-spi,335550,110100,50,5
CircuitTraceCompaction-sudoku,2452540,913900,20,8
ConsistentQueryAnswering-real-2,787237,455532,368,1
ConsistentQueryAnswering-real-5,799034,486753,31589,1
ConsistentQueryAnswering-synthetic-10,61845,58647,14623,1
ConsistentQueryAnswering-synthetic-12,92421,89740,17989,1
ConsistentQueryAnswering-synthetic-13,31094,31201,5583,1
ConsistentQueryAnswering-synthetic-14,26642,26778,5728,1
ConsistentQueryAnswering-synthetic-15,8060,8104,2055,1
ConsistentQueryAnswering-synthetic-18,54579,54735,14663,1
ConsistentQueryAnswering-synthetic-19,61666,58458,14619,1
ConsistentQueryAnswering-synthetic-2,37633,33963,11345,1
ConsistentQueryAnswering-synthetic-20,25928,25796,6720,1
ConsistentQueryAnswering-synthetic-21,83904,83896,21342,1
ConsistentQueryAnswering-synthetic-3,15799,15843,4311,1
ConsistentQueryAnswering-synthetic-5,8393,8349,3174,1
ConsistentQueryAnswering-synthetic-6,15666,15851,3196,1
HaplotypeAssembly-splitedReads_0.matrix,41160,12962,10290,8791
HaplotypeAssembly-splitedReads_137.matrix,30184,11642,7546,7457
HaplotypeAssembly-splitedReads_158.matrix,41604,16983,10401,10229
HaplotypeAssembly-splitedReads_160.matrix,47360,19918,11840,11655
HaplotypeAssembly-splitedReads_18.matrix,34132,13050,8533,8396
HaplotypeAssembly-splitedReads_414.matrix,36752,14276,9188,9018
MaxSATQueriesinInterpretableClassifiers-adult_test_5_DNF_2_1,24832,5112,3544,1182
MaxSATQueriesinInterpretableClassifiers-compas_train_0_DNF_4_1,99081,18265,6565,4464
MaxSATQueriesinInterpretableClassifiers-ilpd_test_5_CNF_1_1,367,115,73,57
MaxSATQueriesinInterpretableClassifiers-ilpd_train_1_DNF_3_1,4422,1016,566,414
MaxSATQueriesinInterpretableClassifiers-ilpd_train_7_CNF_1_1,3151,915,540,390
MaxSATQueriesinInterpretableClassifiers-ionosphere_test_7_CNF_4_1,2260,658,610,585
MaxSATQueriesinInterpretableClassifiers-iris_train_7_DNF_3_1,855,303,168,158
MaxSATQueriesinInterpretableClassifiers-parkinsons_test_0_DNF_4_1,1559,284,224,213
MaxSATQueriesinInterpretableClassifiers-parkinsons_train_5_DNF_2_1,6026,541,277,263
MaxSATQueriesinInterpretableClassifiers-wdbc_test_5_CNF_1_1,1117,181,145,142
MaxSATQueriesinInterpretableClassifiers-wdbc_test_5_CNF_4_1,4360,553,409,385
MaxSATQueriesinInterpretableClassifiers-wdbc_test_6_CNF_2_1,2198,305,233,219
SeanSafarpour-c5_DD_s3_f1_e1_v1-bug-gate-0.dimacs.seq.filtered,534672,735600,540984,540977
SeanSafarpour-c6_DD_s3_f1_e1_v1-bug-gate-0.dimacs.seq.filtered,784388,1082304,795900,795893
SeanSafarpour-divider-problem.dimacs_8.filtered,808795,1055720,810105,810104
SeanSafarpour-rsdecoder1_blackbox_KESblock-problem.dimacs_30.filtered,1096580,1436472,1106376,1106375
SeanSafarpour-rsdecoder5.dimacs.filtered,930434,1168724,936006,936005
SeanSafarpour-s15850-bug-fourvec-gate-0.dimacs.seq.filtered,203056,291592,206252,206249
aes-key-recovery-AES2-50-52,372240,21368,342,341
aes-key-recovery-AES2-60-56,372240,21368,261,260
aes-key-recovery-AES2-70-62,372240,21368,188,187
aes-key-recovery-AES2-72-68,372240,21368,201,200
aes-key-recovery-AES2-74-11,372240,21368,189,188
aes-key-recovery-AES2-74-72,372240,21368,185,184
aes-key-recovery-AES2-74-74,372240,21368,182,181
aes-mul_8_3,65280,5048,5048,5013
aes-mul_8_9,65280,7840,7840,7799
aes-sbox_4,240,147,147,126
atcoss-atcoss_mesat_01,969460,321384,301,282
atcoss-atcoss_mesat_06,1462924,449672,301,282
atcoss-atcoss_mesat_12,1078571,334172,301,290
atcoss-atcoss_sugar_01,372460,40854,300,281
atcoss-atcoss_sugar_06,703026,51008,300,281
atcoss-atcoss_sugar_11,403554,41820,300,251
atcoss-atcoss_sugar_19,3295184,236178,300,293
bcp-SU2__simp-genos.haps.98,12962,4260,180,44
bcp-SU3__simp-genos.haps.69,55282,5514,180,57
bcp-SU3__simp-genos.haps.9,109388,6693,180,75
bcp-c1908_F116@1,15903,3292,66,64
bcp-c2670_F1@1,861,665,466,461
bcp-duke2_Fv10@1,4781,1068,44,33
bcp-normalized-fir08_area_delay,521620,124856,61556,61534
bcp-simp-ace_40.09,4890,863,54,42
bcp-simp-cf_45.09,13436,2032,88,62
bcp-simp-ibd_30.02,16390,1358,56,25
bcp-simp-ibd_5.06,47,33,10,4
bcp-simp-nonunif-75_50.03,8150,2038,86,63
bcp-simp-nonunif-75_50.07,3027,1851,74,50
bcp-simp-unif-100_50.09,9861,2195,88,67
bcp-simp-unif-30_50r40.14,8000,1950,92,73
biorepair-Stat_vs_Exp_142_12.lp.sm-extracted,602438,321626,6743,6740
biorepair-Stat_vs_Exp_16_12.lp.sm-extracted,602410,321609,6742,6738
biorepair-Stat_vs_Exp_176_12.lp.sm-extracted,602270,321524,6737,6735
biorepair-Stat_vs_Exp_72_12.lp.sm-extracted,602242,321507,6736,6732
biorepair-heatShock_WT_151_12.lp.sm-extracted,602326,321558,6739,6733
biorepair-heatShock_WT_157_12.lp.sm-extracted,602382,321592,6741,6739
biorepair-heatShock_WT_165_12.lp.sm-extracted,602214,321490,6735,6731
biorepair-heatShock_WT_175_12.lp.sm-extracted,602494,321660,6745,6741
biorepair-heatShock_WT_196_12.lp.sm-extracted,602578,321711,6748,6745
biorepair-heatShock_WT_28_12.lp.sm-extracted,602522,321677,6746,6741
biorepair-heatShock_WT_36_12.lp.sm-extracted,602410,321609,6742,6738
biorepair-heatShock_WT_84_12.lp.sm-extracted,602214,321490,6735,6734
close_solutions-SAT07__industrial__vliw_sat_4.0__9vliw_m_9stages_iq3_C1_bug6.cnf.wcnf.1,13378782,521192,521192,521179
close_solutions-SAT09__APPLICATIONS__satComp09_BioInstances__rbcl_xits_15_SAT.cnf.wcnf.9,164747,2384,2384,2359
close_solutions-SAT11__application__jarvisalo__smtqfbv-aigs__smtlib-qfbv-aigs-rfunit_flat-64-tseitin.cnf.wcnf.7,720123,266805,266805,266786
close_solutions-SAT11__application__manthey__traffic__traffic_3_uc_sat.cnf.wcnf.3,1312353,142205,142205,142199
close_solutions-SAT11__application__manthey__traffic__traffic_r_sat.cnf.wcnf.4,3362667,98651,98651,98574
close_solutions-SAT11__application__rintanen__SATPlanning__openstacks-sequencedstrips-nonadl-nonnegated-os-sequencedstrips-p30_3.085-SAT.cnf.wcnf.5,1643602,324116,324116,324106
close_solutions-SAT_RACE06__velev-pipe-sat-1.0-b9.cnf.wcnf.3,8780592,118038,118038,118020
close_solutions-SAT_RACE08__cnf__ibm-2004-01-k90.cnf.wcnf.10,276211,64699,64699,64695
close_solutions-teams16_l6a.cnf,64035,2969,2505,2492
close_solutions-teams16_l9a.cnf,55546,2969,2505,2494
close_solutions-teams20_l10a.cnf,174939,5471,4731,4708
close_solutions-teams20_l7a.cnf,177802,5471,4731,4712
decision-tree-breast-cancer-un-formula_0.8_2021_atleast_15_max-3_reduced_incomplete_tree,136689,17839,546,528
decision-tree-mushroom-un-formula_0.8_2021_atleast_15_max-3_reduced_incomplete_tree,520190,28092,6498,6492
drmx-cryptogen-geffe128_0,7444,1600,1600,801
drmx-cryptogen-geffe128_2,7444,1600,1600,801
drmx-cryptogen-geffe128_3,7444,1600,1600,801
drmx-cryptogen-geffe128_4,7444,1600,1600,801
drmx-cryptogen-geffe128_8,7444,1600,1600,801
drmx-cryptogen-threshold128_4,7844,1600,1600,801
drmx-cryptogen-threshold128_5,7844,1600,1600,801
drmx-cryptogen-threshold128_7,7844,1600,1600,801
drmx-cryptogen-wolfram72_1,64152,18576,18576,9289
drmx-cryptogen-wolfram72_5,64152,18576,18576,9289
drmx-cryptogen-wolfram72_9,64152,18576,18576,9289
drmx-cryptogen-wolfram80_3,79120,22880,22880,11441
drmx-cryptogen-wolfram80_4,79120,22880,22880,11441
drmx-cryptogen-wolfram80_6,79120,22880,22880,11441
drmx-cryptogen-wolfram80_7,79120,22880,22880,11441
extension-enforcement-extension-enforcement_non-strict_stb_150_0.05_2_8_3,83070,42742,22436,22430
extension-enforcement-extension-enforcement_non-strict_stb_200_0.05_1_10_0,148390,76190,39900,39894
extension-enforcement-extension-enforcement_non-strict_stb_200_0.05_1_10_1,148390,76190,39900,39891
extension-enforcement-extension-enforcement_non-strict_stb_200_0.05_2_10_2,148390,76190,39900,39893
extension-enforcement-extension-enforcement_non-strict_stb_200_0.05_4_10_0,148390,76190,39900,39895
extension-enforcement-extension-enforcement_non-strict_stb_200_0.05_4_10_2,148390,76190,39900,39895
extension-enforcement-extension-enforcement_non-strict_stb_200_0.05_4_10_4,148390,76190,39900,39894
extension-enforcement-extension-enforcement_non-strict_stb_200_0.1_4_10_4,148390,76190,39900,39893
extension-enforcement-extension-enforcement_strict_com_100_0.05_4_20_3,142480,16000,9600,9586
extension-enforcement-extension-enforcement_strict_com_150_0.05_0_15_2,311985,40500,22275,22237
extension-enforcement-extension-enforcement_strict_com_150_0.05_3_30_2,464520,36000,21600,21573
extension-enforcement-extension-enforcement_strict_com_150_0.3_3_8_3,202918,42600,22436,22418
extension-enforcement-extension-enforcement_strict_com_200_0.05_0_40_1,1081760,64000,38400,38375
extension-enforcement-extension-enforcement_strict_com_200_0.05_4_20_4,716580,72000,39600,39551
extension-enforcement-extension-enforcement_strict_com_200_0.1_0_10_1,435290,76000,39900,39866
fault-diagnosis-s01423_nan_explicit_0_0,184188,36677,2926,2864
fault-diagnosis-s01423_nan_explicit_4_0,159058,32674,2926,2871
fault-diagnosis-s01423_nan_explicit_7_0,164177,32696,2926,2862
fault-diagnosis-s38417_nan_explicit_28_0,172544,44937,2926,2864
fault-diagnosis-s38417_nan_explicit_8_0,363616,91377,2926,2857
fault-diagnosis-s38417_nan_explicit_9_0,271686,73447,2926,2860
fault-diagnosis-s38584_nan_explicit_10_0,1359615,169465,49770,49562
fault-diagnosis-s38584_nan_explicit_19_0,785732,139976,49770,49573
fault-diagnosis-s38584_nan_explicit_20_0,1310980,167004,49770,49577
fault-diagnosis-s38584_nan_explicit_34_0,640117,131642,49770,49582
fault-diagnosis-s38584_nan_explicit_35_0,610451,130135,49770,49588
fault-diagnosis-s38584_nan_explicit_44_0,627545,130739,49770,49603
fault-diagnosis-s38584_nan_explicit_47_0,560543,126647,49770,49617
fault-diagnosis-s38584_nan_explicit_48_0,684704,132475,49770,49607
fault-diagnosis-s38584_nan_explicit_9_0,910439,147615,49770,49563
frb-frb20-11-1.partial,5634,220,220,21
frb-frb20-11-2.partial,5574,220,220,21
frb-frb20-11-3.partial,5613,220,220,21
frb-frb20-11-5.partial,5601,220,220,21
frb-frb25-13-1.partial,10599,325,325,26
frb-frb25-13-2.partial,10618,325,325,26
frb-frb25-13-5.partial,10508,325,325,26
frb-frb30-15-2.partial,17942,450,450,31
frb-frb30-15-3.partial,17899,450,450,31
frb-frb30-15-4.partial,17897,450,450,31
frb-frb35-17-3.partial,28036,595,595,36
frb-frb35-17-4.partial,27934,595,595,36
frb-frb35-17-5.partial,28221,595,595,36
frb-frb40-19-2.partial,41367,760,760,41
frb-frb40-19-3.partial,41167,760,760,41
gen-hyper-tw-GenHyperTW_adder_15,1287010,288005,76,75
gen-hyper-tw-GenHyperTW_b01,170567,55117,45,41
gen-hyper-tw-GenHyperTW_b02,39195,13980,26,24
gen-hyper-tw-GenHyperTW_dubois28,1206528,506480,170,169
gen-hyper-tw-GenHyperTW_dubois29,1297164,538181,173,172
gen-hyper-tw-GenHyperTW_grid5,47845,22040,40,38
inconsistency-measurement-im-contension-B-3-stb_696_368.tgf.pl,15294,6717,696,634
inconsistency-measurement-im-forgetting-T-2-stb_339_81.tgf.pl,13963,9203,4100,4053
inconsistency-measurement-im-hit-B-3-stb_390_450.tgf.pl,4754,1152,462,418
inconsistency-measurement-im-sum-B-2-stb_330_291.tgf.pl,12394,8165,3598,3563
jobshop-ft10-808-1090,1150918,110641,283,162
jobshop-la04-567-0696,359553,35772,130,108
jobshop-orb08-894-1058,1121262,107409,165,161
judgment-aggregation-ja-maxham-preflib-00049-00000071,169784,21182,91,47
judgment-aggregation-ja-maxham-preflib-00049-00000157,140928,15874,105,55
judgment-aggregation-ja-maxham-preflib-00049-00000253,93208,11582,91,46
judgment-aggregation-ja-maxham-preflib-00049-00000260,184867,20858,105,56
judgment-aggregation-ja-maxham-preflib-00049-00000293,134142,18508,78,36
judgment-aggregation-ja-maxham-preflib-00049-00000316,84435,9466,105,55
judgment-aggregation-ja-maxham-preflib-00049-00000333,109543,12314,105,55
judgment-aggregation-ja-maxham-preflib-00049-00000385,48294,6604,78,42
judgment-aggregation-ja-maxham-preflib-00049-00000444,78158,8754,105,54
judgment-aggregation-ja-maxham-preflib-00049-00000492,134651,15162,105,59
judgment-aggregation-ja-maxham-preflib-00049-00000512,172313,19434,105,52
judgment-aggregation-ja-maxham-preflib-00049-00000529,90159,13732,66,33
judgment-aggregation-ja-maxham-preflib-00049-00000540,155426,19382,91,43
judgment-aggregation-ja-slater-preflib-00043-00000180,1259604,5886,5886,5581
judgment-aggregation-ja-slater-preflib-00049-00000135,205320,1770,1770,1525
judgment-aggregation-ja-slater-preflib-00049-00000405,175560,1596,1596,1319
judgment-aggregation-ja-slater-preflib-00051-00000008,1367520,6216,6216,5876
kbtree-kbtree9_7_3_5_30_4.wcsp,1105,1021,742,737
kbtree-kbtree9_7_3_5_30_5.wcsp,1110,1026,746,741
kbtree-kbtree9_7_3_5_40_2.wcsp,1221,1137,862,837
kbtree-kbtree9_7_3_5_60_2.wcsp,1200,1116,933,875
kbtree-kbtree9_7_3_5_70_1.wcsp,1120,1036,941,868
kbtree-kbtree9_7_3_5_70_4.wcsp,1139,1055,943,871
kbtree-kbtree9_7_3_5_70_5.wcsp,1133,1049,944,873
kbtree-kbtree9_7_3_5_80_1.wcsp,972,888,945,850
kbtree-kbtree9_7_3_5_80_3.wcsp,962,878,945,844
kbtree-kbtree9_7_3_5_80_6.wcsp,953,869,945,842
kbtree-kbtree9_7_3_5_90_4.wcsp,779,695,945,820
kbtree-kbtree9_7_3_5_90_5.wcsp,799,715,945,822
logic-synthesis-normalized-5xp1.b.opb.msat,844,464,464,453
logic-synthesis-normalized-alu4.b.opb.msat,1710,807,807,758
logic-synthesis-normalized-apex4.a.opb.msat,7571,4316,4316,3541
logic-synthesis-normalized-bench1.pi.opb.msat,398,4676,4676,4556
logic-synthesis-normalized-clip.b.opb.msat,706,349,349,335
logic-synthesis-normalized-count.b.opb.msat,694,466,466,443
logic-synthesis-normalized-e64.b.opb.msat,1022,607,607,561
logic-synthesis-normalized-exam.pi.opb.msat,509,4676,4676,4614
logic-synthesis-normalized-f51m.b.opb.msat,503,406,406,389
logic-synthesis-normalized-jac3.opb.msat,1254,1731,1731,1717
logic-synthesis-normalized-max1024.pi.opb.msat,1079,1278,1278,1020
logic-synthesis-normalized-prom2.pi.opb.msat,1953,2617,2617,2331
logic-synthesis-normalized-rot.b.opb.msat,2739,1451,1451,1337
logic-synthesis-normalized-sao2.b.opb.msat,649,372,372,348
mbd-b14_C-mbd14-0277,29368,11949,1851,1828
mbd-b15_C-mbd14-0330,26755,11082,2160,2141
mbd-b17_C-mbd14-0253,95660,39778,7482,7459
mbd-b20_C-mbd14-0213,58929,23868,3664,3643
mbd-b20_C-mbd14-0253,58929,23868,3664,3647
mbd-b20_C-mbd14-0263,58929,23868,3664,3639
mbd-b20_C-mbd14-0309,58929,23868,3664,3640
mbd-b20_C-mbd14-0349,58929,23868,3664,3643
mbd-b21_C-mbd14-0227,60054,24168,3619,3596
mbd-b21_C-mbd14-0230,60054,24168,3619,3599
mbd-b21_C-mbd14-0233,60054,24168,3619,3599
mbd-b21_C-mbd14-0298,60054,24168,3619,3599
mbd-b21_C-mbd14-0387,60054,24168,3619,3600
mbd-b21_C-mbd14-0399,60054,24168,3619,3597
mbd-b22_C-mbd14-0210,87447,35538,5609,5584
min-fill-MinFill_R0_mulsol.i.1,1644315,171258,5528,5387
min-fill-MinFill_R0_mulsol.i.2,3282220,269188,10993,10754
min-fill-MinFill_R0_mulsol.i.3,3333930,272310,11135,10896
min-fill-MinFill_R0_myciel3,2535,594,35,26
min-fill-MinFill_R0_myciel5,108526,15416,845,650
min-fill-MinFill_R10_anna,25870,4905,210,174
min-fill-MinFill_R12_miles250,32467,6112,312,272
min-fill-MinFill_R3_david,55320,9048,416,356
min-fill-MinFill_R5_jean,10488,2164,88,78
mqc-10tree1002posib,24565,6761,210,208
mqc-10tree102p,16112,4476,210,207
mqc-10tree102posib,15787,4554,210,207
mqc-10tree410p,25619,6714,210,190
mqc-10tree430p,16664,4660,210,148
mqc-10tree701p,25099,6558,210,209
mqc-10tree705posib,16104,4565,210,201
mqc-10tree802p-nlogencdr,16100,4472,210,207
mqc-10tree802p,24999,6528,210,207
mqc-10tree802posib,24117,6624,210,207
mqc-10tree805posib,24790,6583,210,201
mqc-10tree820p,16460,4592,210,169
mqc-15tree201p,154886,38394,1365,1353
mqc-15tree801p-nencdr,156230,38772,1365,1353
mqc-15tree801p,85272,22870,1365,1353
optic-gen_add_4_991,2037,436,436,383
optic-gen_add_5_991,12821,1396,1396,1319
optic-gen_add_5_carry_299,10566,2122,2122,1175
optic-gen_alldiff_3_cook_33,84544,267,267,246
optic-gen_alldiff_3_cook_991,5676,267,267,251
optic-gen_alldiff_4_991,14379,728,728,701
optic-gen_cvc-add3-carry2-gadget_399,1041,153,153,103
optic-gen_cvc-mult4_4_9999,3447,1254,1254,1157
optic-gen_mult_3_5_399,8037,768,768,645
optic-gen_mult_4_5_299,22913,4754,4754,3649
optic-gen_mult_4_6_299,104009,11561,11561,9138
optic-gen_square_5_33,45210,1742,1742,1608
optimizing-BDDs-audiology-un-wcnf_incomplete_improved_1_2019_3,99582,3710,1728,1722
optimizing-BDDs-audiology-un-wcnf_incomplete_improved_1_2019_4,134049,6112,3456,3452
optimizing-BDDs-australian-credit-un-wcnf_incomplete_improved_1_2019_2,165689,4424,2612,2526
optimizing-BDDs-car-un-wcnf_incomplete_improved_1_2019_2,79694,10462,6912,6663
optimizing-BDDs-hypothyroid-un-wcnf_incomplete_improved_1_2019_3,865628,36511,25976,25915
optimizing-BDDs-primary-tumor-un-wcnf_incomplete_improved_1_2019_2,22472,2150,1344,1287
planning-bnn-cellda_x_10,55745277,18588527,40,32
planning-bnn-cellda_y_10,55778477,18600127,40,35
planning-bnn-cellda_y_9,50200661,16740119,36,31
planning-bnn-navigation_3x3_4,468266,158857,16,13
planning-bnn-navigation_3x3_6,702386,238277,24,21
planning-bnn-navigation_4x4_5,4766962,1603211,20,16
planning-bnn-navigation_4x4_7,6673728,2244483,28,24
planning-bnn-navigation_5x5_10,13622654,4544449,40,33
planning-bnn-navigation_5x5_8,10898138,3635569,32,25
planning-bnn-navigation_5x5_9,12260396,4090009,36,29
planning-bnn-sysadmin_4_3,3517143,1172670,12,11
planning-bnn-sysadmin_5_3,6944409,2318193,15,13
program-disambiguation-Q42_OPTIONS_1,3139947,845199,45,42
program-disambiguation-Q45_YESNO_1,5215407,1311557,20,19
program-disambiguation-Q55_YESNO_1,4084680,1052313,20,19
protein_ins-1bpi_.2knt_.g.wcnf.t,2519247,2500,64,30
protein_ins-1bpi_.5pti_.g.wcnf.t,3848496,3087,71,43
protein_ins-1knt_.1bpi_.g.wcnf.t,2646744,2559,65,31
protein_ins-1knt_.2knt_.g.wcnf.t,1389449,1861,55,40
protein_ins-1knt_.5pti_.g.wcnf.t,2120178,2293,57,29
protein_ins-1vii_.1cph_.g.wcnf.t,12967,184,13,7
protein_ins-2knt_.5pti_.g.wcnf.t,2019581,2244,60,29
protein_ins-3ebx_.1era_.g.wcnf.t,2767223,2613,65,32
protein_ins-3ebx_.6ebx_.g.wcnf.t,1336318,1819,51,29
protein_ins-6ebx_.1era_.g.wcnf.t,1187921,1716,50,21
protein_ins-p1.wcnf.t,2519247,2500,64,30
protein_ins-sandiaprotein.g.wcnf.t,2210831,2338,59,32
pseudoBoolean-normalized-aim-200-6_0-yes1-1.opb.msat,1392,400,400,201
pseudoBoolean-normalized-aim-200-6_0-yes1-4.opb.msat,1389,400,400,201
pseudoBoolean-normalized-g15x15.opb.msat,225,225,225,173
pseudoBoolean-normalized-g4x4.opb.msat,16,16,16,13
pseudoBoolean-normalized-g9x3.opb.msat,27,27,27,21
pseudoBoolean-normalized-g9x9.opb.msat,81,81,81,62
pseudoBoolean-normalized-par16-2.opb.msat,3356,2030,2030,1016
pseudoBoolean-normalized-par16-5.opb.msat,3335,2030,2030,1016
pseudoBoolean-normalized-par8-2.opb.msat,985,700,700,351
pseudoBoolean-normalized-par8-4.opb.msat,985,700,700,351
pseudoBoolean-normalized-par8-5.opb.msat,1004,700,700,351
pseudoBoolean-normalized-ssa7552-158.opb.msat,4072,2726,2726,1400
pseudoBoolean-normalized-ssa7552-159.opb.msat,4151,2726,2726,1400
railway-transport-dp43,2924772,98516,8790,8744
railway-transport-p15,412359,30969,1100,1096
reversi-rev44-2,2036,434,32,17
reversi-rev44-4,4040,836,32,19
reversi-rev44-6,6044,1238,32,22
reversi-rev66-10,52392,8722,72,50
reversi-rev66-6,31464,5262,72,41
reversi-rev66-8,41928,6992,72,43
rna-alignment-k50-23-49.rna.pre,116088,1747,550,15
rna-alignment-k50-40-60.rna.pre,109005,1817,525,15
rna-alignment-random-same-7.rna.pre,30005,1538,289,18
routing-normalized-s3-3-3-1pb,2539,996,216,181
routing-normalized-s3-3-3-4pb,2707,1060,228,193
routing-normalized-s3-3-3-4pb.opb,2708,1060,228,193
routing-normalized-s3-3-3-5pb,2873,1124,240,207
routing-normalized-s4-4-3-10pb,10923,4028,840,771
routing-normalized-s4-4-3-1pb,8547,3160,672,611
routing-normalized-s4-4-3-2pb.opb,8204,3036,648,585
routing-normalized-s4-4-3-3pb,8205,3036,648,587
routing-normalized-s4-4-3-4pb,8883,3284,696,637
routing-normalized-s4-4-3-4pb.opb,8884,3284,696,637
routing-normalized-s4-4-3-5pb.opb,9224,3408,720,661
routing-normalized-s4-4-3-6pb,7867,2912,624,559
routing-normalized-s4-4-3-6pb.opb,7868,2912,624,559
routing-normalized-s4-4-3-8pb,5143,1920,432,397
routing-normalized-s4-4-3-9pb.opb,10922,4028,840,773
scheduling-cnf_10_center,702017,182404,1571,1413
scheduling-cnf_12_center,767081,201204,1707,1471
scheduling-cnf_small,46798,12617,267,240
tpr-b14-s_PathRelaxation_FS_14,34847,11975,253,179
tpr-b14-s_PathRelaxation_FS_35,34839,11975,253,180
tpr-b14-s_PathRelaxation_FS_39,34839,11975,253,177
tpr-b14-s_PathRelaxation_Set_FS_10,69831,22347,309,235
tpr-b18-s_PathRelaxation_Set_FS_3,929273,312597,3344,3200
tpr-b18-s_PathRelaxation_Set_FS_41,949923,312635,3344,3234
tpr-b18-s_PathRelaxation_Set_FS_8,931982,312602,3344,3200
tpr-b20-s_PathRelaxation_Set_FS_13,156733,50960,554,472
tpr-b20-s_PathRelaxation_Set_FS_22,160582,50969,554,472
tpr-b20-s_PathRelaxation_Set_FS_30,163990,50977,554,472
tpr-b20-s_PathRelaxation_Set_FS_33,165269,50980,554,472
tpr-b20-s_PathRelaxation_Set_FS_40,168256,50987,554,472
tpr-b20-s_PathRelaxation_Set_FS_8,154580,50955,554,472
tpr-b21-s_PathRelaxation_FS_4,50051,17427,473,382
tpr-b21-s_PathRelaxation_Set_FS_14,152678,49697,554,467
treewidth-computation-TWComp_1dj7_N73,907327,105922,72,47
treewidth-computation-TWComp_barle_N48,265395,38087,47,41
treewidth-computation-TWComp_barley-pp_N26,43716,8176,25,19
treewidth-computation-TWComp_barley2_N48,265395,38087,47,41
treewidth-computation-TWComp_celar09pp_N67,703193,84687,66,60
treewidth-computation-TWComp_david-pp_N29,60131,10584,28,16
treewidth-computation-TWComp_eil51.tsp_N51,316949,44165,50,43
treewidth-computation-TWComp_mainuk_N48,265467,38087,47,41
treewidth-computation-TWComp_mulsol.i.5-pp_N119,3803532,341053,118,88
treewidth-computation-TWComp_myciel4_N23,30497,6025,22,13
treewidth-computation-TWComp_oesoca4_N42,179766,27656,41,39
treewidth-computation-TWComp_pathfinder_N109,2940483,278712,108,103
treewidth-computation-TWComp_win95pts_N76,1022840,118369,75,68
uaq-uaq-nr-nr130-nc43-n3-k2-rpp4-ppr2-plb50,2223,1490,120,78
uaq-uaq-nr-nr230-nc76-n3-k2-rpp4-ppr2-plb50,3831,2690,220,163
uaq-uaq-nr-nr240-nc80-n3-k2-rpp4-ppr2-plb50,4155,2930,240,178
uaq-uaq-nr-nr270-nc90-n3-k2-rpp4-ppr2-plb50,4474,3170,260,205
uaq-uaq-nr-nr300-nc100-n3-k2-rpp4-ppr2-plb50,5110,3650,300,234
uaq-uaq-nr-nr310-nc103-n3-k2-rpp4-ppr2-plb50,5115,3650,300,229
uaq-uaq-nr-nr500-nc166-n3-k2-rpp4-ppr2-plb50,8518,6050,313,251
uaq-uaq-plb-nr250-nc83-n5-k2-rpp3-ppr5-plb110,4097,2050,190,114
uaq-uaq-plb-nr250-nc83-n5-k2-rpp3-ppr5-plb120,4097,2050,180,100
uaq-uaq-rpp-nr100-nc33-n3-k2-rpp11-ppr2-plb20,2284,516,130,78
uaq-uaq-rpp-nr100-nc33-n3-k2-rpp13-ppr2-plb20,2584,516,130,72
uaq-uaq-rpp-nr100-nc33-n3-k2-rpp16-ppr2-plb20,3034,516,130,69
uaq-uaq-rpp-nr100-nc33-n3-k2-rpp17-ppr2-plb20,3184,516,130,64
uaq-uaq-rpp-nr100-nc33-n3-k2-rpp23-ppr2-plb20,4084,516,130,59
uaq-uaq-rpp-nr100-nc33-n3-k2-rpp8-ppr2-plb20,1834,516,130,82
vpa-UAutomizer_AliasDarteFeautrierGonnord-SAS2010-speedpldi2_true-termination_true-no-overflow.c_Abstraction1,4310,210,210,10
vpa-UAutomizer_Avery-FLOPS2006-Table1_true-termination_true-no-overflow.c_Abstraction1,2653,153,153,9
vpa-UAutomizer_Fibonacci05_false-unreach-call_true-no-overflow_true-termination.c_Abstraction1,96023,1653,1653,74
vpa-UAutomizer_LexIndexValue-Pointer_true-termination_true-valid-memsafety.c_Abstraction1,110305,1830,1830,74
vpa-UAutomizer_McCarthy91_Iteration_true-termination_true-valid-memsafety.c_Abstraction1,4985,231,231,10
vpa-UAutomizer_NO_01_false-termination_true-no-overflow.c_Abstraction1,549,55,55,2
vpa-UAutomizer_NestedRecursion_2b_false-termination_true-valid-memsafety.c_Abstraction2,539340,5253,5253,236
vpa-UAutomizer_array01-alloca_true-termination.c.i_Abstraction2,38350,903,903,16
vpa-UAutomizer_array20_alloca_false-termination.c.i_Abstraction1,38330,903,903,21
vpa-UAutomizer_count_up_alloca_true-termination.c.i_Abstraction1,32996,820,820,13
vpa-UAutomizer_cstrspn_mixed_alloca_true-termination.c.i_Abstraction4,133726,2080,2080,9
vpa-UAutomizer_invert_string_false-unreach-call_true-termination.i_Abstraction1,60202,1225,1225,36
vpa-UAutomizer_ll_append-alloca_false-termination.c.i_Abstraction1,394946,4278,4278,113
vpa-UAutomizer_ll_search-alloca_true-termination.c.i_Abstraction1,41003,946,946,8
vpa-UAutomizer_trex01_false-unreach-call_true-termination.i_Abstraction3,81049,1485,1485,111
xai-mindset2-auto,256571,38812,9770,9657
xai-mindset2-cars,305792,17387,4266,4209
xai-mindset2-cleve,282536,19400,3160,2958
xai-mindset2-cloud,92636,18940,4728,4475
xai-mindset2-corral,2602,544,72,61
xai-mindset2-hayes-roth,16361,3192,510,461
xai-mindset2-irish,56706,2236,448,438
xai-mindset2-lupus,36548,6356,1032,922
xai-mindset2-postoperative-patient-data,30678,6412,792,731
xai-mindset2-shuttleM,22317681,76107,6910,6784
xai-mindset2-tae,68524,13621,1980,1785
